encounter_id,patient_id,date,encounter_type,phq9,gad7,safety_screen_positive
E0001,P001,2023-07-24,outpatient,9,3,False
E0002,P001,2024-02-04,outpatient,9,4,False
E0003,P001,2024-02-10,outpatient,5,6,False
E0004,P001,2024-05-05,outpatient,9,8,False
E0005,P001,2025-01-10,outpatient,7,1,False
E0006,P002,2024-07-20,outpatient,9,8,False
E0007,P002,2024-09-22,outpatient,10,10,False
E0008,P002,2025-01-19,outpatient,9,3,False
E0009,P003,2024-06-01,outpatient,5,3,False
E0010,P003,2024-07-25,outpatient,6,3,False
E0011,P003,2024-11-19,outpatient,6,3,False
E0012,P004,2024-09-19,outpatient,9,9,False
E0013,P004,2024-10-12,outpatient,7,5,False
E0014,P004,2024-11-25,outpatient,5,1,False
E0015,P005,2023-03-28,outpatient,16,9,False
E0016,P005,2024-02-07,outpatient,12,8,False
E0017,P005,2025-03-23,emergency,9,8,False
E0018,P006,2024-02-07,outpatient,14,8,False
E0019,P006,2024-06-06,inpatient,13,9,False
E0020,P006,2025-04-12,outpatient,12,6,False
E0021,P006,2025-06-09,outpatient,9,9,False
E0022,P007,2024-08-16,outpatient,10,8,False
E0023,P007,2024-10-16,outpatient,6,1,False
E0024,P007,2024-10-19,outpatient,5,2,False
E0025,P007,2025-04-24,outpatient,5,2,False
E0026,P008,2023-01-20,outpatient,11,4,False
E0027,P008,2023-10-12,outpatient,10,4,False
E0028,P008,2023-10-30,outpatient,7,1,False
E0029,P008,2024-08-18,outpatient,11,9,False
E0030,P008,2024-11-25,outpatient,10,10,False
E0031,P009,2023-01-23,outpatient,5,5,False
E0032,P009,2023-06-29,outpatient,6,7,False
E0033,P009,2024-01-11,outpatient,7,1,False
E0034,P009,2024-12-24,outpatient,9,9,False
E0035,P009,2025-02-16,emergency,11,7,False
E0036,P010,2023-08-14,outpatient,13,11,False
E0037,P010,2024-02-21,emergency,13,10,False
E0038,P010,2024-12-18,outpatient,12,7,False
E0039,P010,2025-01-16,emergency,9,4,False
E0040,P011,2023-04-14,outpatient,9,3,False
E0041,P011,2023-05-19,outpatient,4,2,False
E0042,P011,2024-02-15,outpatient,6,3,False
E0043,P011,2024-06-03,outpatient,1,2,False
E0044,P012,2023-03-31,outpatient,18,13,False
E0045,P012,2023-08-04,outpatient,17,13,False
E0046,P012,2024-09-12,outpatient,14,8,False
E0047,P012,2024-12-21,emergency,18,12,False
E0048,P012,2025-01-23,outpatient,15,8,False
E0049,P012,2025-01-29,outpatient,14,7,False
E0050,P012,2025-03-23,outpatient,15,9,False
E0051,P013,2023-03-07,outpatient,0,0,False
E0052,P013,2023-09-17,emergency,4,5,False
E0053,P013,2024-04-24,outpatient,6,5,False
E0054,P013,2024-07-23,outpatient,7,7,False
E0055,P013,2024-11-20,inpatient,7,2,False
E0056,P014,2024-04-10,outpatient,5,0,False
E0057,P014,2024-10-16,outpatient,8,2,False
E0058,P014,2024-11-18,outpatient,7,6,False
E0059,P014,2024-12-20,outpatient,10,8,False
E0060,P014,2025-04-08,emergency,12,10,False
E0061,P015,2023-01-05,inpatient,15,7,False
E0062,P015,2024-08-09,outpatient,15,7,False
E0063,P015,2024-10-07,outpatient,9,7,False
E0064,P015,2025-06-06,outpatient,7,6,False
E0065,P016,2023-05-03,outpatient,15,13,False
E0066,P016,2024-08-08,outpatient,14,9,False
E0067,P016,2024-08-22,outpatient,20,12,False
E0068,P017,2023-02-06,outpatient,16,13,False
E0069,P017,2023-04-13,emergency,19,13,False
E0070,P017,2023-04-23,outpatient,21,11,False
E0071,P017,2023-07-01,inpatient,23,17,True
E0072,P017,2024-02-06,outpatient,25,15,False
E0073,P017,2024-02-15,outpatient,25,14,True
E0074,P017,2025-01-24,outpatient,27,18,False
E0075,P018,2023-03-26,outpatient,1,1,False
E0076,P018,2023-05-01,outpatient,0,2,False
E0077,P018,2023-09-08,outpatient,0,0,False
E0078,P018,2023-10-02,outpatient,0,0,False
E0079,P018,2024-01-21,outpatient,0,1,False
E0080,P018,2024-07-07,outpatient,0,0,False
E0081,P018,2025-05-03,outpatient,0,0,False
E0082,P019,2023-02-07,outpatient,4,4,False
E0083,P019,2023-04-15,outpatient,0,0,False
E0084,P019,2023-12-12,outpatient,0,0,False
E0085,P019,2024-03-20,outpatient,0,0,False
E0086,P019,2025-01-23,emergency,0,0,False
E0087,P020,2023-05-28,outpatient,14,11,False
E0088,P020,2024-02-25,outpatient,18,10,False
E0089,P020,2024-04-17,inpatient,19,10,False
E0090,P020,2024-11-11,outpatient,20,13,False
E0091,P021,2024-01-02,outpatient,9,8,False
E0092,P021,2024-05-15,outpatient,12,7,False
E0093,P021,2024-07-27,outpatient,14,9,False
E0094,P021,2024-08-07,emergency,13,9,False
E0095,P021,2024-08-26,outpatient,14,11,False
E0096,P021,2024-12-15,outpatient,17,13,False
E0097,P021,2025-02-07,outpatient,18,11,False
E0098,P022,2024-03-05,emergency,14,9,False
E0099,P022,2024-07-12,outpatient,15,10,False
E0100,P022,2024-12-23,outpatient,13,11,False
E0101,P022,2025-03-02,outpatient,13,12,False
E0102,P022,2025-06-02,inpatient,11,10,False
E0103,P022,2025-06-05,outpatient,12,11,False
E0104,P023,2023-02-03,outpatient,7,3,False
E0105,P023,2023-02-19,outpatient,9,7,False
E0106,P023,2023-08-03,emergency,9,8,False
E0107,P023,2023-08-28,outpatient,10,10,False
E0108,P023,2024-02-05,outpatient,7,7,False
E0109,P023,2025-01-10,outpatient,6,2,False
E0110,P023,2025-04-12,outpatient,9,5,False
E0111,P024,2024-01-18,inpatient,2,0,False
E0112,P024,2024-02-09,outpatient,3,0,False
E0113,P024,2024-10-07,inpatient,7,5,False
E0114,P024,2024-12-27,outpatient,7,4,False
E0115,P025,2023-07-31,emergency,16,10,False
E0116,P025,2023-12-14,outpatient,16,12,False
E0117,P025,2024-05-19,outpatient,15,8,False
E0118,P025,2025-03-18,outpatient,10,6,False
E0119,P026,2023-04-02,outpatient,9,9,False
E0120,P026,2023-10-15,outpatient,7,7,False
E0121,P026,2023-10-15,outpatient,1,0,False
E0122,P026,2024-01-20,outpatient,3,2,False
E0123,P026,2024-08-10,outpatient,0,0,False
E0124,P027,2023-01-27,outpatient,9,6,False
E0125,P027,2023-10-27,outpatient,6,2,False
E0126,P027,2024-01-05,outpatient,4,1,False
E0127,P027,2024-01-24,outpatient,1,3,False
E0128,P027,2024-05-11,outpatient,0,3,False
E0129,P028,2023-09-10,outpatient,14,12,False
E0130,P028,2024-04-24,emergency,12,6,False
E0131,P028,2025-02-07,outpatient,15,11,False
E0132,P029,2024-08-16,outpatient,12,10,False
E0133,P029,2024-10-14,emergency,11,8,False
E0134,P029,2025-01-30,outpatient,16,12,False
E0135,P030,2023-04-29,outpatient,13,12,False
E0136,P030,2024-02-07,outpatient,14,10,False
E0137,P030,2024-06-19,emergency,17,13,False
E0138,P031,2023-03-26,outpatient,6,2,False
E0139,P031,2024-01-03,outpatient,3,5,False
E0140,P031,2024-01-21,outpatient,2,4,False
E0141,P031,2024-11-25,emergency,3,0,False
E0142,P031,2025-04-25,outpatient,5,6,False
E0143,P032,2023-01-21,outpatient,5,6,False
E0144,P032,2023-07-09,outpatient,4,1,False
E0145,P032,2023-12-06,outpatient,6,3,False
E0146,P032,2025-05-31,emergency,10,7,False
E0147,P032,2025-06-08,outpatient,9,5,False
E0148,P033,2023-02-21,outpatient,0,0,False
E0149,P033,2023-04-26,outpatient,2,1,False
E0150,P033,2023-08-22,outpatient,0,0,False
E0151,P033,2024-02-14,outpatient,0,3,False
E0152,P033,2024-02-26,inpatient,3,3,False
E0153,P034,2023-09-24,outpatient,8,2,False
E0154,P034,2024-04-16,outpatient,7,2,False
E0155,P034,2024-10-23,outpatient,11,5,False
E0156,P034,2024-10-27,outpatient,8,3,False
E0157,P034,2025-02-02,outpatient,11,8,False
E0158,P035,2023-09-11,outpatient,10,7,False
E0159,P035,2023-10-23,outpatient,4,0,False
E0160,P035,2024-02-11,outpatient,6,7,False
E0161,P035,2024-03-17,outpatient,0,3,False
E0162,P035,2024-04-10,outpatient,2,0,False
E0163,P035,2024-04-21,emergency,0,0,False
E0164,P036,2023-02-21,outpatient,4,4,False
E0165,P036,2024-07-14,emergency,4,2,False
E0166,P036,2024-08-14,outpatient,8,5,False
E0167,P036,2024-12-16,outpatient,11,4,False
E0168,P037,2023-03-23,outpatient,5,0,False
E0169,P037,2023-06-09,emergency,7,6,False
E0170,P037,2023-11-05,outpatient,11,9,False
E0171,P037,2024-05-15,outpatient,10,10,False
E0172,P037,2024-09-02,outpatient,12,7,False
E0173,P038,2024-08-12,outpatient,4,1,False
E0174,P038,2024-08-19,outpatient,2,4,False
E0175,P038,2024-10-21,outpatient,8,6,False
E0176,P039,2023-10-16,outpatient,11,8,False
E0177,P039,2024-10-08,outpatient,9,7,False
E0178,P039,2025-05-28,outpatient,10,7,False
E0179,P040,2023-04-05,outpatient,1,1,False
E0180,P040,2023-07-29,outpatient,1,0,False
E0181,P040,2024-02-15,outpatient,3,0,False
E0182,P040,2024-03-08,emergency,8,5,False
E0183,P040,2024-07-17,outpatient,6,4,False
E0184,P040,2024-11-17,outpatient,9,3,False
E0185,P040,2024-11-19,outpatient,13,6,False
E0186,P041,2023-04-11,outpatient,10,7,False
E0187,P041,2023-06-08,outpatient,10,9,False
E0188,P041,2024-06-02,inpatient,8,8,False
E0189,P041,2024-10-01,outpatient,10,8,False
E0190,P041,2025-01-19,inpatient,9,5,False
E0191,P042,2023-05-10,outpatient,3,1,False
E0192,P042,2023-08-29,outpatient,0,0,False
E0193,P042,2024-05-27,outpatient,0,0,False
E0194,P042,2025-03-14,outpatient,0,0,False
E0195,P043,2024-03-29,outpatient,11,6,False
E0196,P043,2024-04-29,outpatient,14,11,False
E0197,P043,2024-10-04,outpatient,13,8,False
E0198,P043,2024-11-06,outpatient,15,12,False
E0199,P044,2023-01-06,outpatient,8,4,False
E0200,P044,2024-05-24,outpatient,6,1,False
E0201,P044,2024-10-23,outpatient,5,4,False
E0202,P044,2024-11-02,outpatient,1,2,False
E0203,P045,2023-03-27,outpatient,16,13,False
E0204,P045,2025-01-25,outpatient,17,9,False
E0205,P045,2025-03-12,outpatient,20,13,True
E0206,P046,2023-03-31,outpatient,14,6,False
E0207,P046,2024-09-21,outpatient,19,11,False
E0208,P046,2025-04-16,outpatient,18,14,False
E0209,P047,2023-12-24,outpatient,13,8,False
E0210,P047,2024-06-10,outpatient,12,10,False
E0211,P047,2024-12-16,outpatient,16,10,False
E0212,P047,2024-12-25,outpatient,18,14,False
E0213,P048,2023-05-30,outpatient,12,10,False
E0214,P048,2024-03-26,outpatient,11,5,False
E0215,P048,2024-10-12,emergency,11,5,False
E0216,P048,2025-05-21,outpatient,8,6,False
E0217,P049,2023-10-25,outpatient,6,4,False
E0218,P049,2024-12-08,outpatient,1,0,False
E0219,P049,2025-03-01,outpatient,0,0,False
E0220,P049,2025-03-03,inpatient,0,2,False
E0221,P049,2025-04-22,outpatient,0,1,False
E0222,P050,2023-03-04,emergency,6,1,False
E0223,P050,2023-09-13,outpatient,9,6,False
E0224,P050,2024-09-27,outpatient,12,9,False
E0225,P050,2025-01-23,outpatient,12,5,False
E0226,P051,2023-05-01,outpatient,6,3,False
E0227,P051,2023-11-20,inpatient,11,4,False
E0228,P051,2023-11-24,outpatient,13,9,False
E0229,P051,2024-01-22,outpatient,13,12,False
E0230,P051,2024-01-23,outpatient,18,10,False
E0231,P051,2024-07-24,outpatient,20,12,False
E0232,P051,2025-03-06,outpatient,22,16,True
E0233,P052,2023-04-25,emergency,11,5,False
E0234,P052,2023-09-28,outpatient,14,9,False
E0235,P052,2023-12-16,outpatient,14,8,False
E0236,P052,2024-05-06,outpatient,16,13,False
E0237,P052,2024-12-17,outpatient,20,14,False
E0238,P052,2025-04-10,outpatient,22,14,True
E0239,P053,2023-07-01,emergency,11,8,False
E0240,P053,2024-04-01,outpatient,9,6,False
E0241,P053,2024-07-17,outpatient,11,10,False
E0242,P053,2024-12-17,outpatient,9,3,False
E0243,P053,2024-12-21,outpatient,11,6,False
E0244,P053,2025-02-15,outpatient,11,5,False
E0245,P054,2023-03-02,outpatient,11,8,False
E0246,P054,2023-08-05,inpatient,12,8,False
E0247,P054,2024-06-17,outpatient,18,14,False
E0248,P054,2024-10-22,outpatient,19,14,False
E0249,P054,2025-05-25,outpatient,21,14,False
E0250,P055,2023-04-29,outpatient,3,5,False
E0251,P055,2023-06-28,outpatient,3,0,False
E0252,P055,2023-11-11,outpatient,3,0,False
E0253,P055,2023-12-03,outpatient,3,0,False
E0254,P055,2023-12-15,outpatient,2,2,False
E0255,P055,2024-07-18,outpatient,2,3,False
E0256,P056,2023-06-08,outpatient,11,6,False
E0257,P056,2023-06-13,outpatient,9,4,False
E0258,P056,2023-11-02,outpatient,7,1,False
E0259,P056,2023-11-21,outpatient,6,7,False
E0260,P057,2023-01-15,outpatient,7,4,False
E0261,P057,2024-06-06,outpatient,10,7,False
E0262,P057,2024-10-01,outpatient,13,10,False
E0263,P058,2023-06-02,emergency,6,6,False
E0264,P058,2023-06-25,outpatient,10,8,False
E0265,P058,2023-07-13,outpatient,7,6,False
E0266,P058,2023-07-21,emergency,7,6,False
E0267,P058,2023-09-24,outpatient,9,5,False
E0268,P058,2024-11-03,outpatient,7,7,False
E0269,P059,2024-04-12,outpatient,15,9,False
E0270,P059,2024-10-17,outpatient,16,9,False
E0271,P059,2024-12-29,outpatient,13,8,False
E0272,P059,2025-03-18,emergency,11,7,False
E0273,P060,2023-06-23,outpatient,10,5,False
E0274,P060,2023-07-10,outpatient,6,2,False
E0275,P060,2024-12-17,emergency,5,2,False
E0276,P060,2025-03-27,outpatient,4,1,False
E0277,P061,2023-04-20,outpatient,4,2,False
E0278,P061,2023-04-26,outpatient,4,5,False
E0279,P061,2023-05-24,outpatient,0,2,False
E0280,P061,2024-06-26,outpatient,1,3,False
E0281,P061,2024-12-03,outpatient,3,2,False
E0282,P061,2025-04-24,outpatient,2,3,False
E0283,P062,2023-03-05,outpatient,9,9,False
E0284,P062,2023-03-26,outpatient,7,5,False
E0285,P062,2023-07-19,inpatient,8,8,False
E0286,P062,2024-03-02,outpatient,7,2,False
E0287,P062,2024-08-16,outpatient,7,5,False
E0288,P062,2025-06-06,outpatient,10,7,False
E0289,P063,2023-09-26,outpatient,12,7,False
E0290,P063,2024-10-23,outpatient,16,9,False
E0291,P063,2024-11-02,inpatient,15,10,False
E0292,P063,2025-03-08,outpatient,18,14,False
E0293,P064,2023-06-02,outpatient,6,1,False
E0294,P064,2023-07-10,inpatient,8,2,False
E0295,P064,2023-09-19,outpatient,12,10,False
E0296,P064,2025-01-15,outpatient,14,6,False
E0297,P065,2023-10-25,outpatient,8,8,False
E0298,P065,2024-08-04,outpatient,5,1,False
E0299,P065,2024-09-09,emergency,3,0,False
E0300,P065,2024-09-12,outpatient,0,0,False
E0301,P065,2025-01-27,outpatient,0,1,False
E0302,P065,2025-05-07,outpatient,0,0,False
E0303,P066,2023-03-16,outpatient,10,7,False
E0304,P066,2024-03-01,outpatient,11,4,False
E0305,P066,2024-03-25,outpatient,13,9,False
E0306,P066,2024-05-01,outpatient,16,11,False
E0307,P066,2024-07-11,inpatient,16,11,False
E0308,P066,2024-10-11,outpatient,16,9,False
E0309,P066,2025-04-15,outpatient,21,14,False
E0310,P067,2023-05-21,outpatient,12,10,False
E0311,P067,2023-11-20,outpatient,13,7,False
E0312,P067,2024-03-18,inpatient,14,6,False
E0313,P067,2024-11-11,outpatient,15,11,False
E0314,P067,2025-02-03,emergency,20,13,False
E0315,P068,2023-10-28,outpatient,5,0,False
E0316,P068,2024-01-03,emergency,3,5,False
E0317,P068,2024-09-02,outpatient,4,5,False
E0318,P068,2024-11-05,outpatient,7,3,False
E0319,P068,2024-12-27,outpatient,3,5,False
E0320,P069,2023-06-10,outpatient,9,7,False
E0321,P069,2024-05-08,outpatient,7,5,False
E0322,P069,2024-06-18,outpatient,4,5,False
E0323,P070,2023-02-11,outpatient,4,3,False
E0324,P070,2023-04-03,outpatient,8,3,False
E0325,P070,2024-10-02,outpatient,8,2,False
E0326,P070,2025-02-17,outpatient,10,10,False
E0327,P071,2024-07-06,outpatient,1,1,False
E0328,P071,2024-07-07,outpatient,0,1,False
E0329,P071,2025-04-24,outpatient,2,3,False
E0330,P072,2023-06-29,emergency,9,3,False
E0331,P072,2023-08-06,inpatient,11,7,False
E0332,P072,2023-12-07,outpatient,13,10,False
E0333,P072,2024-06-14,outpatient,13,8,False
E0334,P072,2024-12-07,outpatient,14,7,False
E0335,P072,2025-02-05,outpatient,17,13,False
E0336,P073,2024-01-08,outpatient,4,1,False
E0337,P073,2024-02-01,outpatient,1,0,False
E0338,P073,2024-05-02,outpatient,1,0,False
E0339,P073,2024-09-13,outpatient,0,0,False
E0340,P074,2023-08-11,outpatient,7,7,False
E0341,P074,2023-09-14,outpatient,12,7,False
E0342,P074,2024-11-18,outpatient,12,6,False
E0343,P074,2024-11-23,inpatient,13,7,False
E0344,P074,2024-12-09,outpatient,14,11,False
E0345,P074,2025-03-24,outpatient,17,9,False
E0346,P075,2023-04-27,emergency,16,14,False
E0347,P075,2023-05-27,inpatient,19,11,False
E0348,P075,2024-02-08,outpatient,19,10,False
E0349,P075,2024-10-15,outpatient,22,17,True
E0350,P075,2025-02-12,outpatient,24,14,True
E0351,P076,2023-04-28,outpatient,7,5,False
E0352,P076,2023-09-25,inpatient,12,8,False
E0353,P076,2023-11-06,outpatient,11,7,False
E0354,P076,2024-12-27,outpatient,15,10,False
E0355,P076,2025-03-26,outpatient,15,13,False
E0356,P076,2025-04-23,outpatient,18,15,False
E0357,P077,2023-02-10,outpatient,9,3,False
E0358,P077,2023-11-13,outpatient,10,10,False
E0359,P077,2024-03-29,outpatient,10,8,False
E0360,P077,2024-04-23,outpatient,8,8,False
E0361,P077,2024-12-19,inpatient,8,5,False
E0362,P077,2025-04-15,outpatient,9,7,False
E0363,P077,2025-04-19,outpatient,8,7,False
E0364,P078,2023-02-16,outpatient,10,6,False
E0365,P078,2023-10-23,outpatient,13,8,False
E0366,P078,2024-03-28,outpatient,14,9,False
E0367,P078,2024-10-28,outpatient,17,14,False
E0368,P078,2024-11-12,inpatient,19,14,False
E0369,P079,2023-01-12,outpatient,9,5,False
E0370,P079,2023-03-02,emergency,5,1,False
E0371,P079,2023-03-04,outpatient,3,4,False
E0372,P079,2023-08-21,outpatient,2,2,False
E0373,P079,2023-09-23,inpatient,1,0,False
E0374,P079,2024-04-02,outpatient,0,2,False
E0375,P079,2024-04-06,outpatient,0,0,False
E0376,P080,2023-11-02,outpatient,10,10,False
E0377,P080,2024-06-13,emergency,10,7,False
E0378,P080,2024-08-12,outpatient,8,8,False
E0379,P081,2023-08-28,emergency,8,8,False
E0380,P081,2023-09-27,outpatient,6,7,False
E0381,P081,2024-06-12,inpatient,10,7,False
E0382,P081,2025-05-19,outpatient,6,1,False
E0383,P082,2024-08-06,outpatient,4,0,False
E0384,P082,2024-11-06,outpatient,3,1,False
E0385,P082,2025-02-13,outpatient,2,4,False
E0386,P083,2023-07-09,outpatient,3,2,False
E0387,P083,2023-10-09,outpatient,2,1,False
E0388,P083,2024-02-29,outpatient,6,7,False
E0389,P083,2024-11-11,outpatient,9,5,False
E0390,P083,2025-05-03,outpatient,10,6,False
E0391,P083,2025-06-08,outpatient,10,4,False
E0392,P084,2023-05-05,outpatient,9,4,False
E0393,P084,2023-10-04,outpatient,9,6,False
E0394,P084,2024-10-24,outpatient,7,5,False
E0395,P084,2025-01-14,outpatient,11,6,False
E0396,P085,2023-02-16,outpatient,0,3,False
E0397,P085,2023-05-16,outpatient,1,2,False
E0398,P085,2023-12-27,outpatient,0,0,False
E0399,P085,2024-05-29,outpatient,0,0,False
E0400,P085,2025-01-17,outpatient,1,0,False
E0401,P085,2025-04-30,outpatient,0,2,False
E0402,P085,2025-06-09,outpatient,0,0,False
E0403,P086,2023-01-10,outpatient,15,8,False
E0404,P086,2023-06-27,outpatient,14,10,False
E0405,P086,2023-10-03,outpatient,17,13,False
E0406,P086,2024-06-19,outpatient,18,10,False
E0407,P086,2025-06-11,outpatient,17,10,False
E0408,P087,2023-03-30,outpatient,9,4,False
E0409,P087,2023-06-28,outpatient,8,2,False
E0410,P087,2024-11-07,outpatient,13,7,False
E0411,P088,2023-11-01,outpatient,6,1,False
E0412,P088,2024-03-09,outpatient,6,6,False
E0413,P088,2024-04-30,outpatient,5,5,False
E0414,P088,2024-09-13,outpatient,3,4,False
E0415,P089,2023-09-24,outpatient,10,7,False
E0416,P089,2023-11-01,outpatient,10,9,False
E0417,P089,2024-02-06,outpatient,9,5,False
E0418,P089,2024-06-16,outpatient,13,12,False
E0419,P089,2024-10-16,outpatient,10,6,False
E0420,P089,2025-01-23,outpatient,13,11,False
E0421,P089,2025-02-16,outpatient,11,4,False
E0422,P090,2023-09-07,emergency,12,9,False
E0423,P090,2024-03-23,outpatient,16,14,False
E0424,P090,2024-10-06,outpatient,20,11,True
E0425,P090,2025-01-16,outpatient,19,12,False
E0426,P090,2025-01-30,outpatient,24,16,True
E0427,P090,2025-05-05,outpatient,22,17,False
E0428,P091,2023-05-09,outpatient,10,7,False
E0429,P091,2023-12-06,outpatient,8,5,False
E0430,P091,2024-12-04,outpatient,6,4,False
E0431,P092,2023-01-28,outpatient,11,8,False
E0432,P092,2023-04-14,outpatient,9,8,False
E0433,P092,2024-07-07,outpatient,8,8,False
E0434,P092,2024-07-09,outpatient,8,6,False
E0435,P092,2024-09-02,outpatient,9,6,False
E0436,P092,2024-11-03,outpatient,11,9,False
E0437,P092,2025-01-04,outpatient,8,8,False
E0438,P093,2023-09-23,outpatient,18,11,False
E0439,P093,2024-10-21,emergency,18,15,False
E0440,P093,2025-01-06,outpatient,20,14,False
E0441,P094,2024-05-17,emergency,12,11,False
E0442,P094,2025-01-10,emergency,7,7,False
E0443,P094,2025-02-13,outpatient,6,3,False
E0444,P094,2025-04-02,outpatient,5,1,False
E0445,P095,2023-08-27,outpatient,10,10,False
E0446,P095,2023-09-19,outpatient,6,6,False
E0447,P095,2025-01-15,outpatient,10,5,False
E0448,P095,2025-02-15,outpatient,6,4,False
E0449,P096,2023-09-29,outpatient,16,11,False
E0450,P096,2023-12-17,outpatient,17,11,False
E0451,P096,2024-02-25,outpatient,20,15,True
E0452,P096,2024-05-25,outpatient,22,17,True
E0453,P096,2024-07-06,outpatient,24,18,True
E0454,P097,2023-01-23,outpatient,2,0,False
E0455,P097,2023-12-16,emergency,1,0,False
E0456,P097,2024-04-24,outpatient,6,7,False
E0457,P097,2024-08-28,outpatient,5,5,False
E0458,P097,2024-09-11,emergency,10,5,False
E0459,P097,2024-10-19,inpatient,10,4,False
E0460,P097,2025-02-05,outpatient,12,11,False
E0461,P098,2023-02-21,outpatient,12,11,False
E0462,P098,2023-06-13,outpatient,11,5,False
E0463,P098,2023-08-20,outpatient,12,8,False
E0464,P098,2024-04-21,outpatient,12,6,False
E0465,P098,2024-12-20,outpatient,11,10,False
E0466,P099,2023-01-25,outpatient,15,11,False
E0467,P099,2023-03-07,inpatient,19,11,False
E0468,P099,2024-06-16,outpatient,16,14,False
E0469,P099,2025-04-30,outpatient,15,11,False
E0470,P100,2023-03-09,outpatient,19,13,False
E0471,P100,2023-07-21,outpatient,17,12,False
E0472,P100,2024-02-18,inpatient,18,9,False
E0473,P100,2024-09-30,outpatient,17,12,False
E0474,P100,2024-10-27,outpatient,15,11,False
E0475,P100,2024-12-28,outpatient,18,10,False
E0476,P100,2025-06-08,outpatient,15,8,False
E0477,P101,2023-02-21,outpatient,15,8,False
E0478,P101,2023-07-17,outpatient,19,11,False
E0479,P101,2023-08-09,outpatient,20,15,False
E0480,P101,2024-02-23,outpatient,22,16,False
E0481,P101,2024-10-27,outpatient,25,17,True
E0482,P101,2025-01-01,outpatient,26,21,True
E0483,P101,2025-01-17,outpatient,27,17,True
E0484,P102,2023-04-22,outpatient,3,5,False
E0485,P102,2024-01-05,outpatient,0,3,False
E0486,P102,2024-01-09,outpatient,0,0,False
E0487,P102,2025-01-21,outpatient,0,0,False
E0488,P102,2025-01-28,outpatient,0,0,False
E0489,P103,2023-03-21,outpatient,15,13,False
E0490,P103,2023-12-19,outpatient,11,6,False
E0491,P103,2024-05-04,outpatient,15,9,False
E0492,P103,2024-07-03,outpatient,14,10,False
E0493,P103,2024-10-21,outpatient,15,9,False
E0494,P103,2025-06-07,outpatient,14,10,False
E0495,P104,2023-08-18,outpatient,14,8,False
E0496,P104,2024-06-14,outpatient,13,10,False
E0497,P104,2024-09-07,outpatient,11,10,False
E0498,P105,2023-03-26,emergency,9,8,False
E0499,P105,2023-05-19,outpatient,8,5,False
E0500,P105,2023-06-19,outpatient,8,8,False
E0501,P105,2024-08-07,inpatient,6,7,False
E0502,P105,2024-11-30,outpatient,1,0,False
E0503,P105,2025-02-26,outpatient,1,2,False
E0504,P105,2025-04-17,outpatient,1,0,False
E0505,P106,2023-03-01,outpatient,4,5,False
E0506,P106,2023-06-23,outpatient,5,5,False
E0507,P106,2023-08-06,outpatient,4,5,False
E0508,P106,2024-03-23,outpatient,0,0,False
E0509,P106,2024-06-29,outpatient,0,2,False
E0510,P106,2024-11-01,outpatient,0,2,False
E0511,P107,2023-03-24,outpatient,13,8,False
E0512,P107,2023-08-12,outpatient,17,8,False
E0513,P107,2023-10-21,outpatient,18,9,False
E0514,P107,2024-06-08,emergency,19,10,False
E0515,P107,2024-11-23,outpatient,21,13,True
E0516,P107,2025-05-03,outpatient,22,18,False
E0517,P108,2023-03-29,outpatient,7,5,False
E0518,P108,2023-07-05,outpatient,8,6,False
E0519,P108,2023-08-12,outpatient,8,5,False
E0520,P108,2024-03-15,outpatient,14,9,False
E0521,P108,2025-01-12,emergency,13,8,False
E0522,P108,2025-03-08,outpatient,16,12,False
E0523,P109,2023-04-13,outpatient,16,13,False
E0524,P109,2023-07-22,outpatient,11,7,False
E0525,P109,2023-08-13,outpatient,11,10,False
E0526,P109,2024-08-16,emergency,10,5,False
E0527,P110,2023-06-18,emergency,13,8,False
E0528,P110,2024-01-31,outpatient,14,10,False
E0529,P110,2024-08-04,outpatient,14,7,False
E0530,P110,2024-10-01,outpatient,16,9,False
E0531,P111,2023-02-08,outpatient,13,9,False
E0532,P111,2023-09-04,outpatient,10,9,False
E0533,P111,2024-09-14,outpatient,11,8,False
E0534,P112,2023-02-11,outpatient,1,2,False
E0535,P112,2023-10-26,outpatient,4,5,False
E0536,P112,2024-03-10,outpatient,5,0,False
E0537,P113,2023-01-04,emergency,9,4,False
E0538,P113,2023-02-03,outpatient,8,2,False
E0539,P113,2024-04-01,outpatient,10,5,False
E0540,P113,2024-09-20,outpatient,14,8,False
E0541,P114,2023-03-19,outpatient,0,0,False
E0542,P114,2024-01-11,outpatient,3,1,False
E0543,P114,2024-04-17,outpatient,5,6,False
E0544,P114,2024-08-07,outpatient,8,7,False
E0545,P114,2024-10-29,outpatient,7,6,False
E0546,P114,2025-02-02,outpatient,12,6,False
E0547,P114,2025-04-15,outpatient,14,8,False
E0548,P115,2023-08-06,outpatient,3,3,False
E0549,P115,2023-08-07,outpatient,0,0,False
E0550,P115,2023-09-14,outpatient,1,0,False
E0551,P115,2023-10-17,emergency,0,0,False
E0552,P115,2023-11-16,outpatient,1,0,False
E0553,P115,2024-08-14,outpatient,1,0,False
E0554,P115,2024-10-07,outpatient,3,1,False
E0555,P116,2023-06-05,outpatient,9,6,False
E0556,P116,2024-06-19,outpatient,10,7,False
E0557,P116,2024-07-31,outpatient,11,8,False
E0558,P116,2024-09-13,outpatient,12,6,False
E0559,P117,2024-03-23,outpatient,0,0,False
E0560,P117,2024-11-11,outpatient,2,0,False
E0561,P117,2025-02-14,outpatient,6,3,False
E0562,P117,2025-05-11,outpatient,5,0,False
E0563,P118,2023-05-08,outpatient,12,11,False
E0564,P118,2024-05-10,outpatient,15,10,False
E0565,P118,2024-09-28,emergency,14,9,False
E0566,P118,2024-12-18,outpatient,15,10,False
E0567,P118,2024-12-22,outpatient,18,12,False
E0568,P119,2023-01-22,outpatient,15,9,False
E0569,P119,2023-02-04,outpatient,14,9,False
E0570,P119,2023-04-15,outpatient,14,8,False
E0571,P119,2023-10-24,outpatient,9,9,False
E0572,P119,2025-03-16,outpatient,9,5,False
E0573,P120,2023-01-30,outpatient,17,11,False
E0574,P120,2023-05-05,outpatient,17,14,False
E0575,P120,2023-09-16,outpatient,13,12,False
E0576,P120,2024-03-10,outpatient,10,10,False
E0577,P120,2024-08-21,outpatient,7,7,False
E0578,P120,2025-02-18,outpatient,8,2,False
E0579,P120,2025-04-10,outpatient,6,6,False
E0580,P121,2023-09-27,outpatient,0,0,False
E0581,P121,2024-03-01,outpatient,0,2,False
E0582,P121,2024-07-09,outpatient,3,0,False
E0583,P122,2023-10-18,outpatient,0,0,False
E0584,P122,2023-10-23,outpatient,0,0,False
E0585,P122,2024-02-01,emergency,0,0,False
E0586,P122,2024-02-03,outpatient,0,0,False
E0587,P122,2025-06-10,outpatient,0,1,False
E0588,P123,2023-03-05,outpatient,10,9,False
E0589,P123,2023-03-24,outpatient,9,6,False
E0590,P123,2023-12-17,outpatient,7,3,False
E0591,P123,2024-07-11,outpatient,7,6,False
E0592,P123,2024-11-07,emergency,5,2,False
E0593,P123,2024-12-14,outpatient,1,0,False
E0594,P124,2023-07-27,outpatient,7,7,False
E0595,P124,2023-11-03,outpatient,6,5,False
E0596,P124,2023-12-19,outpatient,6,6,False
E0597,P124,2024-01-10,outpatient,6,5,False
E0598,P124,2024-10-07,inpatient,4,3,False
E0599,P124,2024-11-04,inpatient,4,5,False
E0600,P124,2024-11-13,outpatient,7,7,False
E0601,P125,2023-01-15,outpatient,1,1,False
E0602,P125,2023-01-24,outpatient,4,0,False
E0603,P125,2023-02-13,outpatient,5,1,False
E0604,P125,2024-03-12,emergency,8,5,False
E0605,P125,2025-05-30,outpatient,7,3,False
E0606,P126,2024-01-21,emergency,14,7,False
E0607,P126,2024-03-29,outpatient,13,12,False
E0608,P126,2024-04-07,outpatient,12,6,False
E0609,P126,2024-04-14,outpatient,14,6,False
E0610,P126,2024-06-27,outpatient,11,5,False
E0611,P126,2024-10-01,outpatient,10,9,False
E0612,P127,2023-02-24,outpatient,2,0,False
E0613,P127,2023-07-26,emergency,3,4,False
E0614,P127,2023-10-23,outpatient,1,1,False
E0615,P127,2024-12-24,outpatient,0,0,False
E0616,P127,2024-12-26,emergency,0,2,False
E0617,P128,2023-08-09,outpatient,15,8,False
E0618,P128,2024-04-01,outpatient,13,9,False
E0619,P128,2024-07-13,outpatient,14,12,False
E0620,P128,2025-05-17,outpatient,9,3,False
E0621,P129,2023-09-08,outpatient,6,2,False
E0622,P129,2024-08-27,emergency,8,4,False
E0623,P129,2024-11-11,outpatient,7,2,False
E0624,P130,2023-04-07,outpatient,12,10,False
E0625,P130,2023-12-08,outpatient,10,6,False
E0626,P130,2025-05-22,emergency,13,8,False
E0627,P131,2023-02-05,outpatient,3,5,False
E0628,P131,2023-03-25,outpatient,3,0,False
E0629,P131,2023-08-02,outpatient,1,2,False
E0630,P131,2024-06-24,outpatient,3,3,False
E0631,P131,2024-07-15,outpatient,4,0,False
E0632,P131,2024-12-10,outpatient,2,2,False
E0633,P132,2023-05-14,outpatient,2,3,False
E0634,P132,2024-01-24,outpatient,3,2,False
E0635,P132,2024-04-08,outpatient,1,3,False
E0636,P132,2024-08-31,outpatient,3,3,False
E0637,P132,2025-02-04,outpatient,2,4,False
E0638,P133,2023-03-18,outpatient,12,7,False
E0639,P133,2023-05-23,outpatient,10,4,False
E0640,P133,2024-02-10,outpatient,7,7,False
E0641,P133,2024-04-05,outpatient,6,3,False
E0642,P133,2024-10-31,outpatient,5,5,False
E0643,P133,2024-11-07,outpatient,3,0,False
E0644,P133,2024-11-12,outpatient,2,4,False
E0645,P134,2023-06-25,outpatient,6,5,False
E0646,P134,2024-04-19,outpatient,9,5,False
E0647,P134,2024-09-11,outpatient,6,1,False
E0648,P134,2025-04-15,outpatient,8,6,False
E0649,P134,2025-05-14,outpatient,9,3,False
E0650,P135,2023-10-07,outpatient,8,2,False
E0651,P135,2024-01-23,outpatient,9,8,False
E0652,P135,2024-10-09,outpatient,6,1,False
E0653,P136,2023-02-05,outpatient,5,2,False
E0654,P136,2024-09-09,outpatient,2,2,False
E0655,P136,2024-10-03,inpatient,1,3,False
E0656,P136,2024-11-15,outpatient,0,1,False
E0657,P136,2025-06-06,outpatient,0,0,False
E0658,P137,2023-01-05,outpatient,15,7,False
E0659,P137,2023-05-29,outpatient,10,4,False
E0660,P137,2023-08-20,inpatient,8,6,False
E0661,P137,2023-09-08,outpatient,6,7,False
E0662,P137,2023-10-19,outpatient,4,1,False
E0663,P137,2024-05-14,emergency,4,3,False
E0664,P137,2024-05-22,inpatient,1,0,False
E0665,P138,2023-05-10,outpatient,14,7,False
E0666,P138,2024-01-22,outpatient,12,9,False
E0667,P138,2024-10-23,emergency,14,9,False
E0668,P139,2023-09-02,outpatient,6,4,False
E0669,P139,2023-11-08,outpatient,9,3,False
E0670,P139,2025-04-10,emergency,12,8,False
E0671,P140,2023-07-08,emergency,5,5,False
E0672,P140,2023-10-17,inpatient,5,4,False
E0673,P140,2024-10-31,outpatient,1,0,False
E0674,P140,2025-03-04,inpatient,1,0,False
E0675,P141,2023-05-11,outpatient,15,8,False
E0676,P141,2023-06-27,outpatient,14,10,False
E0677,P141,2024-04-14,outpatient,17,8,False
E0678,P141,2024-10-07,outpatient,20,12,True
E0679,P141,2025-06-10,outpatient,22,13,True
E0680,P142,2023-06-15,outpatient,11,5,False
E0681,P142,2023-08-05,outpatient,8,4,False
E0682,P142,2023-09-29,outpatient,8,8,False
E0683,P142,2024-01-07,outpatient,8,3,False
E0684,P142,2024-04-29,outpatient,12,8,False
E0685,P142,2024-05-25,outpatient,8,8,False
E0686,P142,2025-02-05,outpatient,10,6,False
E0687,P143,2023-02-07,outpatient,2,1,False
E0688,P143,2023-10-09,outpatient,1,3,False
E0689,P143,2023-12-07,outpatient,0,1,False
E0690,P143,2024-04-24,outpatient,0,0,False
E0691,P143,2025-01-08,emergency,1,0,False
E0692,P143,2025-02-01,outpatient,0,1,False
E0693,P144,2023-06-12,outpatient,8,4,False
E0694,P144,2023-12-20,outpatient,7,6,False
E0695,P144,2024-11-23,outpatient,11,8,False
E0696,P144,2025-01-04,outpatient,11,5,False
E0697,P144,2025-03-05,outpatient,14,11,False
E0698,P144,2025-03-30,outpatient,16,14,False
E0699,P145,2023-09-23,outpatient,12,11,False
E0700,P145,2024-01-31,outpatient,13,6,False
E0701,P145,2024-05-18,emergency,17,11,False
E0702,P145,2024-06-14,outpatient,21,16,False
E0703,P145,2024-08-15,outpatient,22,18,False
E0704,P146,2023-02-15,outpatient,4,1,False
E0705,P146,2023-05-08,outpatient,4,4,False
E0706,P146,2024-01-20,outpatient,9,7,False
E0707,P146,2024-07-18,outpatient,11,4,False
E0708,P146,2024-10-20,outpatient,11,6,False
E0709,P146,2024-12-04,outpatient,12,9,False
E0710,P147,2023-10-12,outpatient,8,3,False
E0711,P147,2023-12-23,outpatient,8,4,False
E0712,P147,2024-04-18,outpatient,12,11,False
E0713,P147,2025-02-13,inpatient,11,5,False
E0714,P148,2023-03-04,outpatient,8,4,False
E0715,P148,2023-04-04,outpatient,11,9,False
E0716,P148,2023-05-01,outpatient,11,10,False
E0717,P148,2023-05-31,emergency,15,8,False
E0718,P148,2025-04-03,outpatient,14,11,False
E0719,P148,2025-05-02,outpatient,16,8,False
E0720,P149,2023-01-13,outpatient,13,11,False
E0721,P149,2023-06-13,emergency,13,10,False
E0722,P149,2023-08-19,outpatient,10,5,False
E0723,P149,2023-10-04,outpatient,10,7,False
E0724,P149,2024-02-26,outpatient,7,1,False
E0725,P149,2024-09-08,outpatient,2,3,False
E0726,P149,2024-11-03,outpatient,3,3,False
E0727,P150,2023-01-15,outpatient,9,6,False
E0728,P150,2023-03-05,outpatient,9,7,False
E0729,P150,2024-04-22,emergency,5,1,False
E0730,P150,2024-08-31,outpatient,4,2,False
E0731,P150,2025-01-31,outpatient,1,0,False
E0732,P151,2023-04-26,emergency,17,9,False
E0733,P151,2023-04-27,outpatient,17,14,False
E0734,P151,2024-07-07,outpatient,20,12,True
E0735,P151,2024-12-04,outpatient,21,16,True
E0736,P152,2023-01-24,outpatient,5,1,False
E0737,P152,2024-04-13,outpatient,10,7,False
E0738,P152,2024-07-18,emergency,12,10,False
E0739,P153,2023-01-25,outpatient,6,7,False
E0740,P153,2023-03-02,outpatient,8,7,False
E0741,P153,2023-10-18,outpatient,6,5,False
E0742,P153,2024-03-02,outpatient,8,7,False
E0743,P153,2024-09-02,outpatient,10,7,False
E0744,P153,2025-01-26,outpatient,8,7,False
E0745,P153,2025-02-26,outpatient,6,5,False
E0746,P154,2023-04-17,outpatient,9,6,False
E0747,P154,2023-12-14,outpatient,9,5,False
E0748,P154,2024-03-03,outpatient,14,10,False
E0749,P154,2024-06-13,outpatient,12,10,False
E0750,P154,2024-12-03,emergency,15,7,False
E0751,P155,2023-02-14,outpatient,5,1,False
E0752,P155,2023-06-12,outpatient,5,5,False
E0753,P155,2023-11-20,outpatient,2,0,False
E0754,P155,2024-01-31,outpatient,0,0,False
E0755,P155,2024-05-07,outpatient,0,3,False
E0756,P155,2024-07-05,outpatient,0,1,False
E0757,P156,2023-05-05,outpatient,9,3,False
E0758,P156,2023-06-18,emergency,7,6,False
E0759,P156,2024-05-04,outpatient,5,0,False
E0760,P156,2024-05-27,outpatient,3,0,False
E0761,P157,2023-08-01,outpatient,7,5,False
E0762,P157,2023-10-24,outpatient,9,8,False
E0763,P157,2024-04-20,outpatient,8,4,False
E0764,P157,2024-06-28,inpatient,9,4,False
E0765,P157,2024-08-11,outpatient,6,3,False
E0766,P157,2024-08-17,inpatient,10,5,False
E0767,P157,2025-03-20,outpatient,10,4,False
E0768,P158,2023-04-11,outpatient,3,2,False
E0769,P158,2023-06-10,emergency,2,0,False
E0770,P158,2023-10-22,outpatient,0,0,False
E0771,P158,2024-11-29,outpatient,0,0,False
E0772,P159,2023-04-20,outpatient,0,1,False
E0773,P159,2024-06-16,outpatient,5,5,False
E0774,P159,2025-02-12,outpatient,5,3,False
E0775,P159,2025-02-28,outpatient,10,9,False
E0776,P159,2025-05-27,outpatient,11,4,False
E0777,P160,2023-01-27,inpatient,8,5,False
E0778,P160,2023-02-13,outpatient,4,3,False
E0779,P160,2023-06-18,outpatient,1,2,False
E0780,P160,2025-04-08,outpatient,0,0,False
E0781,P161,2023-02-03,outpatient,10,8,False
E0782,P161,2023-07-10,emergency,5,5,False
E0783,P161,2024-08-17,outpatient,3,4,False
E0784,P161,2024-11-10,outpatient,4,0,False
E0785,P161,2025-06-03,outpatient,0,1,False
E0786,P162,2023-04-30,outpatient,3,0,False
E0787,P162,2023-07-10,outpatient,1,0,False
E0788,P162,2023-12-30,emergency,1,3,False
E0789,P162,2025-05-30,outpatient,0,0,False
E0790,P163,2023-07-13,emergency,6,4,False
E0791,P163,2023-09-12,outpatient,6,7,False
E0792,P163,2024-04-05,outpatient,3,0,False
E0793,P163,2024-08-05,outpatient,4,3,False
E0794,P163,2024-11-08,outpatient,6,5,False
E0795,P163,2025-04-24,outpatient,3,0,False
E0796,P164,2023-04-23,emergency,14,6,False
E0797,P164,2023-04-24,outpatient,12,7,False
E0798,P164,2024-01-11,emergency,12,8,False
E0799,P164,2024-02-12,outpatient,10,6,False
E0800,P164,2024-08-19,outpatient,14,8,False
E0801,P164,2024-09-04,outpatient,13,7,False
E0802,P164,2024-12-13,outpatient,11,9,False
E0803,P165,2023-01-05,outpatient,11,6,False
E0804,P165,2024-01-15,emergency,9,5,False
E0805,P165,2024-10-17,outpatient,5,3,False
E0806,P165,2024-11-27,outpatient,5,3,False
E0807,P165,2025-02-09,outpatient,4,1,False
E0808,P166,2023-02-22,outpatient,13,9,False
E0809,P166,2024-01-14,outpatient,15,13,False
E0810,P166,2024-03-31,outpatient,18,11,False
E0811,P166,2024-06-15,outpatient,21,11,True
E0812,P167,2023-02-02,outpatient,10,8,False
E0813,P167,2023-03-06,outpatient,12,11,False
E0814,P167,2023-07-22,outpatient,8,4,False
E0815,P167,2024-05-11,emergency,10,5,False
E0816,P168,2023-02-09,outpatient,4,2,False
E0817,P168,2023-08-22,outpatient,2,1,False
E0818,P168,2023-12-24,outpatient,3,0,False
E0819,P168,2024-08-02,outpatient,1,1,False
E0820,P168,2024-09-30,emergency,0,1,False
E0821,P169,2023-05-22,outpatient,11,6,False
E0822,P169,2024-01-29,outpatient,14,11,False
E0823,P169,2024-05-17,outpatient,12,8,False
E0824,P169,2024-05-25,outpatient,10,7,False
E0825,P169,2024-11-13,outpatient,13,8,False
E0826,P169,2025-01-28,outpatient,10,4,False
E0827,P170,2023-02-06,outpatient,8,3,False
E0828,P170,2023-03-31,outpatient,11,4,False
E0829,P170,2023-06-16,outpatient,9,8,False
E0830,P170,2023-09-27,emergency,13,8,False
E0831,P170,2024-06-18,outpatient,14,8,False
E0832,P170,2025-03-29,outpatient,16,8,False
E0833,P171,2023-09-02,outpatient,18,13,False
E0834,P171,2023-09-13,outpatient,14,8,False
E0835,P171,2025-03-08,outpatient,18,13,False
E0836,P172,2023-04-25,outpatient,0,1,False
E0837,P172,2023-11-03,inpatient,3,1,False
E0838,P172,2023-11-16,outpatient,6,4,False
E0839,P172,2024-09-23,outpatient,7,2,False
E0840,P172,2025-01-30,outpatient,12,8,False
E0841,P172,2025-02-12,outpatient,14,10,False
E0842,P173,2023-02-28,emergency,5,0,False
E0843,P173,2023-04-18,outpatient,5,5,False
E0844,P173,2023-10-19,emergency,9,6,False
E0845,P173,2023-12-02,outpatient,11,7,False
E0846,P173,2024-11-04,outpatient,13,9,False
E0847,P173,2025-01-03,outpatient,15,12,False
E0848,P173,2025-02-23,outpatient,15,11,False
E0849,P174,2023-07-25,inpatient,6,5,False
E0850,P174,2023-09-14,outpatient,7,7,False
E0851,P174,2024-06-06,outpatient,6,5,False
E0852,P174,2024-07-10,outpatient,8,3,False
E0853,P174,2024-09-14,outpatient,7,2,False
E0854,P174,2024-10-29,outpatient,5,2,False
E0855,P175,2023-07-21,outpatient,3,0,False
E0856,P175,2024-11-22,outpatient,3,3,False
E0857,P175,2025-03-30,outpatient,5,6,False
E0858,P176,2023-05-30,outpatient,2,2,False
E0859,P176,2024-07-28,outpatient,6,5,False
E0860,P176,2024-11-21,outpatient,4,3,False
E0861,P176,2025-04-24,outpatient,6,6,False
E0862,P177,2023-01-23,outpatient,9,8,False
E0863,P177,2023-10-17,outpatient,5,2,False
E0864,P177,2024-04-09,outpatient,6,7,False
E0865,P177,2024-06-16,emergency,5,6,False
E0866,P177,2024-10-19,outpatient,6,2,False
E0867,P178,2023-02-20,outpatient,1,0,False
E0868,P178,2024-05-09,outpatient,0,3,False
E0869,P178,2024-05-09,outpatient,0,3,False
E0870,P178,2024-09-25,outpatient,1,0,False
E0871,P179,2023-02-16,emergency,14,8,False
E0872,P179,2023-11-20,outpatient,15,13,False
E0873,P179,2024-01-11,outpatient,11,4,False
E0874,P179,2024-01-26,outpatient,10,6,False
E0875,P179,2024-06-07,outpatient,10,4,False
E0876,P180,2023-06-04,outpatient,4,0,False
E0877,P180,2023-11-02,outpatient,6,6,False
E0878,P180,2023-11-11,outpatient,4,3,False
E0879,P180,2024-01-16,outpatient,6,4,False
E0880,P180,2024-07-04,outpatient,10,8,False
E0881,P180,2024-11-06,outpatient,10,5,False
E0882,P180,2024-11-09,inpatient,16,9,False
E0883,P181,2023-03-11,outpatient,17,12,False
E0884,P181,2023-10-18,outpatient,15,11,False
E0885,P181,2023-10-26,outpatient,17,12,False
E0886,P181,2025-01-21,outpatient,20,11,True
E0887,P182,2024-07-17,outpatient,5,6,False
E0888,P182,2024-09-29,outpatient,6,1,False
E0889,P182,2024-10-06,outpatient,3,2,False
E0890,P182,2025-01-23,outpatient,1,0,False
E0891,P182,2025-01-24,outpatient,0,0,False
E0892,P182,2025-04-29,outpatient,0,0,False
E0893,P183,2023-06-03,outpatient,6,7,False
E0894,P183,2023-06-04,emergency,4,0,False
E0895,P183,2023-09-25,outpatient,6,2,False
E0896,P183,2023-11-30,emergency,4,1,False
E0897,P183,2024-02-18,outpatient,0,1,False
E0898,P183,2025-01-20,outpatient,0,0,False
E0899,P184,2023-04-07,outpatient,13,9,False
E0900,P184,2023-06-15,outpatient,12,5,False
E0901,P184,2023-12-23,outpatient,18,12,False
E0902,P184,2024-06-18,outpatient,19,12,False
E0903,P184,2024-07-18,outpatient,21,16,True
E0904,P184,2024-10-16,outpatient,20,11,False
E0905,P185,2023-05-07,inpatient,17,14,False
E0906,P185,2024-03-17,emergency,20,13,False
E0907,P185,2025-04-05,outpatient,20,16,False
E0908,P186,2023-09-11,outpatient,3,0,False
E0909,P186,2024-06-09,outpatient,2,0,False
E0910,P186,2024-11-17,outpatient,4,1,False
E0911,P186,2025-04-27,outpatient,2,0,False
E0912,P186,2025-06-08,outpatient,6,2,False
E0913,P186,2025-06-11,outpatient,3,5,False
E0914,P187,2023-05-12,outpatient,12,10,False
E0915,P187,2023-08-16,outpatient,10,6,False
E0916,P187,2023-11-06,outpatient,8,6,False
E0917,P187,2024-01-29,outpatient,8,3,False
E0918,P187,2024-06-26,outpatient,6,1,False
E0919,P187,2024-11-23,outpatient,5,5,False
E0920,P187,2025-04-09,outpatient,2,3,False
E0921,P188,2023-01-29,emergency,2,4,False
E0922,P188,2023-03-11,outpatient,3,4,False
E0923,P188,2023-05-08,outpatient,8,6,False
E0924,P188,2024-08-03,inpatient,10,4,False
E0925,P188,2025-02-02,outpatient,10,7,False
E0926,P189,2023-01-06,outpatient,9,7,False
E0927,P189,2023-07-11,outpatient,6,3,False
E0928,P189,2023-12-15,outpatient,6,4,False
E0929,P189,2024-01-30,outpatient,4,1,False
E0930,P189,2024-05-20,outpatient,0,0,False
E0931,P189,2025-01-13,outpatient,0,0,False
E0932,P189,2025-05-30,outpatient,0,3,False
E0933,P190,2023-04-30,emergency,6,5,False
E0934,P190,2023-09-24,outpatient,8,6,False
E0935,P190,2024-08-04,outpatient,4,0,False
E0936,P190,2025-01-05,outpatient,2,0,False
E0937,P190,2025-04-11,outpatient,2,0,False
E0938,P190,2025-04-19,outpatient,0,2,False
E0939,P190,2025-05-05,inpatient,0,0,False
E0940,P191,2023-02-27,outpatient,2,0,False
E0941,P191,2023-05-01,outpatient,0,0,False
E0942,P191,2024-07-30,outpatient,3,2,False
E0943,P192,2023-01-01,outpatient,4,5,False
E0944,P192,2023-11-12,emergency,6,6,False
E0945,P192,2023-12-22,outpatient,2,1,False
E0946,P193,2023-01-28,outpatient,10,10,False
E0947,P193,2023-11-23,outpatient,12,5,False
E0948,P193,2024-04-21,outpatient,12,10,False
E0949,P193,2025-02-26,outpatient,11,10,False
E0950,P194,2023-11-05,outpatient,1,2,False
E0951,P194,2024-03-04,outpatient,4,0,False
E0952,P194,2024-04-11,outpatient,6,1,False
E0953,P194,2024-10-18,outpatient,9,3,False
E0954,P194,2024-12-30,outpatient,7,4,False
E0955,P194,2025-01-02,inpatient,10,8,False
E0956,P194,2025-01-27,outpatient,11,7,False
E0957,P195,2024-11-11,outpatient,10,10,False
E0958,P195,2025-04-11,outpatient,9,9,False
E0959,P195,2025-04-19,outpatient,5,4,False
E0960,P196,2023-03-04,outpatient,16,12,False
E0961,P196,2023-07-07,outpatient,15,7,False
E0962,P196,2023-09-23,outpatient,15,11,False
E0963,P196,2024-03-16,outpatient,13,10,False
E0964,P196,2024-05-26,outpatient,15,9,False
E0965,P196,2024-06-01,emergency,15,13,False
E0966,P196,2025-04-27,outpatient,13,6,False
E0967,P197,2023-05-28,outpatient,18,15,False
E0968,P197,2023-09-07,outpatient,16,13,False
E0969,P197,2023-10-08,outpatient,11,5,False
E0970,P197,2024-02-03,outpatient,13,8,False
E0971,P197,2024-05-05,outpatient,7,3,False
E0972,P197,2024-07-31,outpatient,5,4,False
E0973,P198,2024-02-05,outpatient,7,3,False
E0974,P198,2024-06-15,emergency,9,8,False
E0975,P198,2024-10-22,outpatient,10,9,False
E0976,P199,2024-04-09,outpatient,12,7,False
E0977,P199,2024-06-06,outpatient,16,14,False
E0978,P199,2024-07-15,outpatient,13,11,False
E0979,P199,2025-03-24,outpatient,16,8,False
E0980,P200,2023-02-09,outpatient,6,7,False
E0981,P200,2023-11-08,outpatient,6,3,False
E0982,P200,2025-01-11,outpatient,10,9,False
