patient_id,medication
P001,lisinopril
P001,prazosin
P002,buspirone
P002,trazodone
P003,lisinopril
P003,trazodone
P004,escitalopram
P004,sertraline
P005,buspirone
P005,escitalopram
P005,trazodone
P006,lithium
P006,metformin
P006,prazosin
P007,escitalopram
P007,lisinopril
P007,naltrexone
P008,acamprosate
P008,escitalopram
P008,prazosin
P009,metformin
P009,naltrexone
P009,sertraline
P009,trazodone
P010,bupropion
P011,escitalopram
P011,metformin
P011,prazosin
P012,escitalopram
P012,sertraline
P012,trazodone
P012,venlafaxine
P013,escitalopram
P014,lisinopril
P015,escitalopram
P015,sertraline
P016,buspirone
P016,venlafaxine
P017,sertraline
P017,trazodone
P018,buspirone
P018,lisinopril
P019,sertraline
P020,venlafaxine
P021,bupropion
P021,naltrexone
P021,sertraline
P021,trazodone
P022,bupropion
P022,metformin
P022,sertraline
P023,bupropion
P024,amlodipine
P024,buspirone
P025,acamprosate
P025,buspirone
P025,prazosin
P025,venlafaxine
P026,escitalopram
P027,escitalopram
P027,lisinopril
P027,metformin
P027,prazosin
P028,lithium
P028,prazosin
P028,sertraline
P028,trazodone
P029,amlodipine
P029,escitalopram
P029,metformin
P030,bupropion
P030,escitalopram
P031,metformin
P032,acamprosate
P032,metformin
P033,sertraline
P034,escitalopram
P034,naltrexone
P034,sertraline
P035,lisinopril
P035,trazodone
P036,amlodipine
P036,sertraline
P037,escitalopram
P038,metformin
P039,escitalopram
P040,buspirone
P041,lisinopril
P041,sertraline
P041,trazodone
P042,sertraline
P043,trazodone
P043,venlafaxine
P044,amlodipine
P045,amlodipine
P045,bupropion
P045,trazodone
P046,amlodipine
P046,escitalopram
P046,prazosin
P047,sertraline
P047,trazodone
P047,venlafaxine
P048,sertraline
P048,venlafaxine
P049,escitalopram
P049,sertraline
P049,trazodone
P050,sertraline
P051,buspirone
P051,escitalopram
P051,sertraline
P052,buspirone
P052,sertraline
P053,amlodipine
P053,lithium
P053,trazodone
P054,escitalopram
P054,naltrexone
P054,prazosin
P055,sertraline
P056,buspirone
P056,lithium
P056,sertraline
P057,sertraline
P058,trazodone
P059,escitalopram
P059,lisinopril
P059,trazodone
P060,sertraline
P060,trazodone
P060,venlafaxine
P061,amlodipine
P061,escitalopram
P061,trazodone
P062,escitalopram
P063,metformin
P063,quetiapine
P063,sertraline
P064,lisinopril
P064,sertraline
P065,trazodone
P066,acamprosate
P066,venlafaxine
P067,sertraline
P068,escitalopram
P069,metformin
P069,sertraline
P070,amlodipine
P070,naltrexone
P070,prazosin
P070,sertraline
P071,prazosin
P072,sertraline
P073,lisinopril
P073,sertraline
P073,trazodone
P074,amlodipine
P074,prazosin
P075,venlafaxine
P076,amlodipine
P076,bupropion
P077,bupropion
P077,escitalopram
P077,metformin
P077,sertraline
P078,buspirone
P078,naltrexone
P078,sertraline
P078,trazodone
P079,escitalopram
P079,trazodone
P080,metformin
P080,trazodone
P080,venlafaxine
P081,bupropion
P081,sertraline
P082,metformin
P083,metformin
P083,trazodone
P084,lisinopril
P084,naltrexone
P084,sertraline
P085,acamprosate
P085,escitalopram
P085,sertraline
P085,trazodone
P086,buspirone
P086,metformin
P086,prazosin
P086,trazodone
P086,venlafaxine
P087,metformin
P087,trazodone
P088,sertraline
P089,buspirone
P089,sertraline
P089,trazodone
P090,trazodone
P090,venlafaxine
P091,metformin
P092,buspirone
P092,lisinopril
P092,venlafaxine
P093,sertraline
P093,venlafaxine
P094,sertraline
P095,lisinopril
P096,escitalopram
P096,sertraline
P096,trazodone
P097,amlodipine
P098,acamprosate
P098,lisinopril
P098,sertraline
P099,venlafaxine
P100,acamprosate
P100,amlodipine
P100,buspirone
P100,prazosin
P100,sertraline
P101,bupropion
P101,lisinopril
P102,buspirone
P103,escitalopram
P103,lisinopril
P103,lithium
P103,metformin
P104,lithium
P104,metformin
P104,prazosin
P104,sertraline
P105,buspirone
P105,escitalopram
P105,lisinopril
P105,sertraline
P106,sertraline
P107,lisinopril
P107,naltrexone
P107,quetiapine
P107,sertraline
P108,escitalopram
P109,sertraline
P110,escitalopram
P110,trazodone
P111,sertraline
P111,trazodone
P112,lisinopril
P112,trazodone
P113,buspirone
P113,escitalopram
P113,sertraline
P114,trazodone
P115,metformin
P115,sertraline
P115,trazodone
P116,escitalopram
P116,trazodone
P117,sertraline
P118,amlodipine
P118,lithium
P118,metformin
P119,acamprosate
P119,escitalopram
P119,prazosin
P120,bupropion
P120,metformin
P120,prazosin
P121,amlodipine
P122,sertraline
P123,lithium
P124,amlodipine
P125,acamprosate
P125,metformin
P126,amlodipine
P126,escitalopram
P127,buspirone
P128,sertraline
P129,lisinopril
P129,metformin
P129,sertraline
P130,sertraline
P131,escitalopram
P131,trazodone
P132,buspirone
P133,bupropion
P133,buspirone
P133,prazosin
P133,trazodone
P134,acamprosate
P134,lisinopril
P135,prazosin
P135,sertraline
P135,venlafaxine
P136,sertraline
P137,amlodipine
P137,sertraline
P137,venlafaxine
P138,escitalopram
P138,venlafaxine
P139,sertraline
P140,buspirone
P140,lisinopril
P140,trazodone
P141,sertraline
P141,trazodone
P142,escitalopram
P142,lithium
P142,trazodone
P142,venlafaxine
P143,buspirone
P144,escitalopram
P144,metformin
P144,trazodone
P145,amlodipine
P145,sertraline
P145,trazodone
P146,trazodone
P147,lisinopril
P147,lithium
P148,trazodone
P149,lisinopril
P149,sertraline
P150,quetiapine
P150,trazodone
P151,quetiapine
P152,amlodipine
P152,trazodone
P153,sertraline
P153,trazodone
P154,trazodone
P155,escitalopram
P156,acamprosate
P156,bupropion
P156,lithium
P157,acamprosate
P157,escitalopram
P158,prazosin
P159,acamprosate
P159,lisinopril
P160,lisinopril
P161,lithium
P161,sertraline
P162,buspirone
P163,lisinopril
P163,metformin
P164,acamprosate
P164,escitalopram
P164,venlafaxine
P165,buspirone
P165,sertraline
P165,trazodone
P165,venlafaxine
P166,sertraline
P166,trazodone
P167,bupropion
P167,escitalopram
P167,lisinopril
P167,trazodone
P168,amlodipine
P169,escitalopram
P169,lithium
P169,trazodone
P170,sertraline
P171,bupropion
P171,naltrexone
P172,metformin
P173,lisinopril
P173,metformin
P174,acamprosate
P174,escitalopram
P175,escitalopram
P176,escitalopram
P177,escitalopram
P178,buspirone
P178,trazodone
P179,metformin
P179,sertraline
P179,trazodone
P180,acamprosate
P181,naltrexone
P181,quetiapine
P181,trazodone
P182,sertraline
P183,sertraline
P184,bupropion
P184,lisinopril
P184,naltrexone
P184,quetiapine
P184,trazodone
P185,escitalopram
P185,sertraline
P185,trazodone
P186,acamprosate
P186,buspirone
P186,sertraline
P187,buspirone
P187,lisinopril
P187,sertraline
P187,venlafaxine
P188,sertraline
P189,bupropion
P189,lisinopril
P189,sertraline
P189,trazodone
P190,naltrexone
P190,trazodone
P190,venlafaxine
P191,sertraline
P191,trazodone
P192,amlodipine
P192,sertraline
P192,trazodone
P193,amlodipine
P193,bupropion
P193,trazodone
P194,sertraline
P194,trazodone
P195,lisinopril
P195,sertraline
P196,venlafaxine
P197,escitalopram
P197,trazodone
P198,amlodipine
P199,bupropion
P199,buspirone
P200,amlodipine
P200,metformin
P200,sertraline
