patient_id,age,sex,veteran,high_risk
P001,24,M,False,False
P002,29,M,False,False
P003,32,M,False,False
P004,75,F,True,False
P005,64,M,False,False
P006,62,F,False,True
P007,56,M,False,False
P008,81,M,False,False
P009,31,F,False,False
P010,55,F,True,True
P011,35,F,False,False
P012,71,M,True,False
P013,43,M,False,True
P014,45,M,False,False
P015,36,M,False,True
P016,47,F,False,True
P017,62,M,True,True
P018,76,M,True,False
P019,70,F,False,False
P020,34,M,True,True
P021,21,F,False,False
P022,79,M,True,True
P023,61,F,True,False
P024,78,M,True,True
P025,33,F,True,False
P026,19,F,False,False
P027,75,F,False,False
P028,31,F,True,False
P029,83,F,False,False
P030,30,M,False,False
P031,59,F,False,False
P032,44,F,False,False
P033,69,F,True,True
P034,42,M,True,False
P035,23,F,True,False
P036,59,F,False,False
P037,49,M,True,False
P038,78,M,False,False
P039,27,M,True,False
P040,80,M,False,False
P041,48,M,True,True
P042,49,F,True,False
P043,62,M,True,False
P044,45,M,True,False
P045,73,F,False,True
P046,77,F,True,False
P047,53,F,True,False
P048,44,M,False,False
P049,74,F,False,True
P050,76,M,True,False
P051,57,F,False,True
P052,84,F,False,True
P053,37,M,True,False
P054,72,F,False,True
P055,69,M,False,False
P056,71,F,False,False
P057,78,F,False,False
P058,31,M,False,True
P059,36,F,False,False
P060,64,F,False,False
P061,21,F,False,False
P062,82,M,True,True
P063,79,M,False,True
P064,54,F,False,True
P065,46,M,False,False
P066,59,M,False,True
P067,67,M,False,True
P068,73,F,False,False
P069,64,F,True,False
P070,76,F,False,False
P071,32,M,True,False
P072,50,M,False,True
P073,39,M,False,False
P074,45,M,False,True
P075,38,F,True,True
P076,42,F,False,True
P077,69,F,False,True
P078,71,M,False,True
P079,29,F,False,True
P080,80,M,False,False
P081,49,F,True,True
P082,65,M,False,False
P083,69,F,False,False
P084,73,F,False,False
P085,66,F,False,False
P086,64,M,True,False
P087,40,M,False,False
P088,22,M,False,False
P089,81,M,False,False
P090,59,M,False,True
P091,38,M,True,False
P092,43,F,True,False
P093,20,F,True,True
P094,21,F,False,True
P095,24,M,False,False
P096,80,F,False,True
P097,67,M,False,True
P098,35,F,False,False
P099,21,M,False,True
P100,62,M,False,True
P101,32,M,True,True
P102,47,F,False,False
P103,19,F,True,False
P104,28,M,False,False
P105,63,M,False,True
P106,49,F,True,False
P107,58,F,False,True
P108,59,M,True,False
P109,28,M,False,False
P110,82,F,True,False
P111,37,M,False,False
P112,49,M,True,False
P113,24,M,False,False
P114,31,M,False,False
P115,31,F,False,False
P116,56,F,True,False
P117,25,F,False,False
P118,58,F,False,False
P119,77,M,False,False
P120,64,F,True,False
P121,53,M,False,False
P122,26,F,True,False
P123,55,M,True,False
P124,78,M,False,True
P125,75,F,False,False
P126,50,F,False,False
P127,35,M,True,True
P128,28,F,True,False
P129,82,M,False,False
P130,39,M,True,False
P131,56,F,True,False
P132,47,M,False,False
P133,35,F,False,False
P134,82,F,False,False
P135,27,F,True,False
P136,55,F,False,True
P137,52,F,False,True
P138,84,F,False,False
P139,73,F,False,False
P140,34,M,True,True
P141,63,F,False,True
P142,84,F,False,False
P143,78,M,False,False
P144,39,M,False,False
P145,38,M,False,True
P146,82,F,False,False
P147,47,F,True,True
P148,66,M,False,False
P149,79,M,True,False
P150,70,M,False,False
P151,20,M,False,True
P152,48,F,False,False
P153,68,F,False,False
P154,57,F,False,False
P155,70,F,True,False
P156,66,M,True,False
P157,38,F,True,True
P158,24,F,False,False
P159,75,F,True,False
P160,82,M,True,True
P161,34,F,False,False
P162,62,M,False,False
P163,75,M,True,False
P164,30,F,True,True
P165,21,M,True,False
P166,43,F,False,True
P167,29,F,False,False
P168,46,M,True,False
P169,81,M,False,False
P170,34,M,False,False
P171,47,F,False,False
P172,47,M,False,True
P173,60,F,True,True
P174,70,F,False,True
P175,40,M,False,False
P176,25,F,False,False
P177,31,F,False,False
P178,55,F,True,False
P179,44,F,False,False
P180,78,M,False,True
P181,80,F,True,True
P182,57,F,False,False
P183,78,F,False,True
P184,25,F,True,True
P185,57,M,False,True
P186,69,M,False,False
P187,83,F,False,False
P188,68,F,True,True
P189,38,F,False,False
P190,26,M,False,True
P191,35,M,False,False
P192,80,M,True,False
P193,79,M,True,False
P194,30,F,True,True
P195,37,M,False,False
P196,41,M,False,False
P197,58,M,False,False
P198,22,F,False,False
P199,53,F,False,False
P200,23,M,False,False
