qtype,question,expected,answer,correct,cites_relevant,cites_only_retrieved,has_citation
medications,What medications is patient P089 taking?,"buspirone, sertraline, trazodone","Medications: buspirone, sertraline, trazodone. [SP089] Current medications: buspirone, sertraline, trazodone. [N0417] GAD-7 score 4. [N0421]",True,True,True,True
max_phq9,What is the highest PHQ-9 score recorded for patient P089?,13,"PHQ-9 score 9, consistent with mild depressive symptoms. [N0417] PHQ-9 score 11, consistent with moderate depressive symptoms. [N0421] PHQ-9 score 10, consistent with moderate depressive symptoms. [N0415]",False,False,True,True
visit_score,What was the PHQ-9 score for patient P089 at the visit on 2024-06-16?,13,Outpatient encounter on 2024-06-16. [N0418] Outpatient encounter on 2024-02-06. [N0417] Outpatient encounter on 2024-10-16. [N0419],False,True,True,True
medications,What medications is patient P060 taking?,"trazodone, venlafaxine","Patient reports taking medications as prescribed. [N0276] Medications: trazodone, venlafaxine. [SP060] Current medications: trazodone, venlafaxine. [N0276]",True,True,True,True
max_phq9,What is the highest PHQ-9 score recorded for patient P060?,10,"Highest PHQ-9 score: 10. [SP060] PHQ-9 score 5, consistent with mild depressive symptoms. [N0275] PHQ-9 score 6, consistent with mild depressive symptoms. [N0274]",True,True,True,True
visit_score,What was the PHQ-9 score for patient P060 at the visit on 2025-03-27?,4,"Outpatient encounter on 2025-03-27. [N0276] Highest PHQ-9 score: 10. [SP060] PHQ-9 score 5, consistent with mild depressive symptoms. [N0275]",False,True,True,True
ed_visit,When did patient P060 visit the emergency department?,2024-12-17,"Emergency visit for worsening depressed mood and inability to sleep for several days. [N0275] 4 encounters: 1 emergency, 0 inpatient. [SP060] Outpatient behavioral health follow-up visit. [N0274]",False,True,True,True
medications,What medications is patient P168 taking?,amlodipine,Patient reports taking medications as prescribed. [N0816] Medications: amlodipine. [SP168] Current medications: amlodipine. [N0816],True,True,True,True
max_phq9,What is the highest PHQ-9 score recorded for patient P168?,4,"Highest PHQ-9 score: 4. [SP168] PHQ-9 score 0, consistent with minimal depressive symptoms. [N0820] PHQ-9 score 4, consistent with minimal depressive symptoms. [N0816]",True,True,True,True
visit_score,What was the PHQ-9 score for patient P168 at the visit on 2023-12-24?,3,"Outpatient encounter on 2023-12-24. [N0818] PHQ-9 score 4, consistent with minimal depressive symptoms. [N0816] PHQ-9 score 3, consistent with minimal depressive symptoms. [N0818]",True,True,True,True
ed_visit,When did patient P168 visit the emergency department?,2024-09-30,Patient brought to the emergency department after a panic episode at work. [N0820] Outpatient behavioral health follow-up visit. [N0818] Emergency encounter on 2024-09-30. [N0820],True,True,True,True
medications,What medications is patient P090 taking?,"trazodone, venlafaxine","Patient reports taking medications as prescribed. [N0423] Medications: trazodone, venlafaxine. [SP090] Current medications: trazodone, venlafaxine. [N0423]",True,True,True,True
max_phq9,What is the highest PHQ-9 score recorded for patient P090?,24,"Highest PHQ-9 score: 24. [SP090] PHQ-9 score 24, consistent with severe depressive symptoms. [N0426] PHQ-9 score 20, consistent with severe depressive symptoms. [N0424]",True,True,True,True
visit_score,What was the PHQ-9 score for patient P090 at the visit on 2024-03-23?,16,"Outpatient encounter on 2024-03-23. [N0423] PHQ-9 score 22, consistent with severe depressive symptoms. [N0427] PHQ-9 score 20, consistent with severe depressive symptoms. [N0424]",False,True,True,True
ed_visit,When did patient P090 visit the emergency department?,2023-09-07,"Emergency visit for worsening depressed mood and inability to sleep for several days. [N0422] 6 encounters: 1 emergency, 0 inpatient. [SP090] Outpatient behavioral health follow-up visit. [N0423]",False,True,True,True
medications,What medications is patient P137 taking?,"amlodipine, venlafaxine","Patient reports taking medications as prescribed. [N0662] Current medications: amlodipine, venlafaxine. [N0662] Will coordinate with primary care. [N0659]",True,True,True,True
max_phq9,What is the highest PHQ-9 score recorded for patient P137?,15,"Highest PHQ-9 score: 15. [SP137] PHQ-9 score 4, consistent with minimal depressive symptoms. [N0662] PHQ-9 score 1, consistent with minimal depressive symptoms. [N0664]",True,True,True,True
visit_score,What was the PHQ-9 score for patient P137 at the visit on 2023-08-20?,8,"Inpatient encounter on 2023-08-20. [N0660] Outpatient encounter on 2023-09-08. [N0661] PHQ-9 score 6, consistent with mild depressive symptoms. [N0661]",False,True,True,True
ed_visit,When did patient P137 visit the emergency department?,2024-05-14,Emergency visit for worsening depressed mood and inability to sleep for several days. [N0663] Emergency encounter on 2024-05-14. [N0663] Outpatient behavioral health follow-up visit. [N0662],True,True,True,True
medications,What medications is patient P096 taking?,"escitalopram, trazodone","Patient reports taking medications as prescribed. [N0449] Medications: escitalopram, trazodone. [SP096] Current medications: escitalopram, trazodone. [N0449]",True,True,True,True
max_phq9,What is the highest PHQ-9 score recorded for patient P096?,24,"Highest PHQ-9 score: 24. [SP096] PHQ-9 score 24, consistent with severe depressive symptoms. [N0453] PHQ-9 score 20, consistent with severe depressive symptoms. [N0451]",True,True,True,True
visit_score,What was the PHQ-9 score for patient P096 at the visit on 2023-09-29?,16,Outpatient encounter on 2023-09-29. [N0449] Outpatient behavioral health follow-up visit. [N0449] Outpatient encounter on 2023-12-17. [N0450],False,True,True,True
medications,What medications is patient P091 taking?,metformin,Medications: metformin. [SP091] Current medications: metformin. [N0430] GAD-7 score 7. [N0428],True,True,True,True
max_phq9,What is the highest PHQ-9 score recorded for patient P091?,10,"Highest PHQ-9 score: 10. [SP091] PHQ-9 score 6, consistent with mild depressive symptoms. [N0430] PHQ-9 score 8, consistent with mild depressive symptoms. [N0429]",True,True,True,True
visit_score,What was the PHQ-9 score for patient P091 at the visit on 2024-12-04?,6,"Outpatient encounter on 2024-12-04. [N0430] Highest PHQ-9 score: 10. [SP091] PHQ-9 score 6, consistent with mild depressive symptoms. [N0430]",True,True,True,True
medications,What medications is patient P164 taking?,"acamprosate, venlafaxine","Medications: acamprosate, venlafaxine. [SP164] Current medications: acamprosate, venlafaxine. [N0797] Referred to psychotherapy. [N0801]",True,True,True,True
max_phq9,What is the highest PHQ-9 score recorded for patient P164?,14,"PHQ-9 score 12, consistent with moderate depressive symptoms. [N0797] PHQ-9 score 13, consistent with moderate depressive symptoms. [N0801] PHQ-9 score 11, consistent with moderate depressive symptoms. [N0802]",False,False,True,True
visit_score,What was the PHQ-9 score for patient P164 at the visit on 2024-09-04?,13,"Outpatient encounter on 2024-09-04. [N0801] Outpatient behavioral health follow-up visit. [N0797] PHQ-9 score 12, consistent with moderate depressive symptoms. [N0797]",False,True,True,True
ed_visit,When did patient P164 visit the emergency department?,"2023-04-23, 2024-01-11",Patient presented to the emergency department with acute anxiety and chest tightness. [N0798] Outpatient behavioral health follow-up visit. [N0799] Emergency encounter on 2024-01-11. [N0798],False,True,True,True
medications,What medications is patient P094 taking?,sertraline,Patient reports taking medications as prescribed. [N0443] Medications: sertraline. [SP094] Current medications: sertraline. [N0443],True,True,True,True
max_phq9,What is the highest PHQ-9 score recorded for patient P094?,12,"Highest PHQ-9 score: 12. [SP094] PHQ-9 score 5, consistent with mild depressive symptoms. [N0444] PHQ-9 score 7, consistent with mild depressive symptoms. [N0442]",True,True,True,True
visit_score,What was the PHQ-9 score for patient P094 at the visit on 2025-02-13?,6,Outpatient encounter on 2025-02-13. [N0443] Outpatient encounter on 2025-04-02. [N0444] Highest PHQ-9 score: 12. [SP094],False,True,True,True
ed_visit,When did patient P094 visit the emergency department?,"2024-05-17, 2025-01-10",Patient brought to the emergency department after a panic episode at work. [N0442] Emergency visit for worsening depressed mood and inability to sleep for several days. [N0441] Outpatient behavioral health follow-up visit. [N0443],False,True,True,True
medications,What medications is patient P126 taking?,"amlodipine, escitalopram","Medications: amlodipine, escitalopram. [SP126] Current medications: amlodipine, escitalopram. [N0608] Will coordinate with primary care. [N0606]",True,True,True,True
max_phq9,What is the highest PHQ-9 score recorded for patient P126?,14,"Highest PHQ-9 score: 14. [SP126] PHQ-9 score 14, consistent with moderate depressive symptoms. [N0606] PHQ-9 score 10, consistent with moderate depressive symptoms. [N0611]",True,True,True,True
visit_score,What was the PHQ-9 score for patient P126 at the visit on 2024-01-21?,14,Emergency encounter on 2024-01-21. [N0606] Outpatient encounter on 2024-10-01. [N0611] Outpatient behavioral health follow-up visit. [N0608],False,True,True,True
ed_visit,When did patient P126 visit the emergency department?,2024-01-21,Patient presented to the emergency department with acute anxiety and chest tightness. [N0606] Outpatient behavioral health follow-up visit. [N0607] Emergency encounter on 2024-01-21. [N0606],True,True,True,True
ed_visit,When did patient P022 visit the emergency department?,2024-03-05,"Emergency visit for worsening depressed mood and inability to sleep for several days. [N0098] 6 encounters: 1 emergency, 1 inpatient. [SP022] Outpatient behavioral health follow-up visit. [N0100]",False,True,True,True
ed_visit,When did patient P009 visit the emergency department?,2025-02-16,Patient presented to the emergency department with acute anxiety and chest tightness. [N0035] Outpatient behavioral health follow-up visit. [N0034] Emergency encounter on 2025-02-16. [N0035],True,True,True,True
ed_visit,When did patient P105 visit the emergency department?,2023-03-26,Patient brought to the emergency department after a panic episode at work. [N0498] Outpatient behavioral health follow-up visit. [N0504] Emergency encounter on 2023-03-26. [N0498],True,True,True,True
